{
  "functions": {
    "predeploy": [
      "npm --prefix \"$RESOURCE_DIR\" run lint"
    ],
    "source": "functions"
  },
  "database": {
    "rules": "database.rules.json"
  },
  "emulators": {
    "functions": {
      "port": 5001,
      "host": "0.0.0.0"
    },
    "database": {
      "port": 9000,
      "host": "0.0.0.0"
    },
    "ui": {
      "enabled": true
    },
    "firestore": {
      "port": 8080,
      "host": "0.0.0.0"
    }
  },
  "firestore": {
    "rules": "firestore.rules",
    "indexes": "firestore.indexes.json"
  }
}
